id;author;click_timees;content;publish_date;title
1;Buckinghamshire;39041;Licensed Cotton Shoes;2020-06-27;copy Directives
2;Kuwait Sleek backing up;7262;Re-contextualized Borders Cocos (Keeling) Islands;2020-06-27;system International teal
3;Pre-emptive Fresh leverage;84854;Tunisia invoice;2020-06-27;Persistent alliance
4;Plastic;82178;program Trail Sports;2020-06-27;International static Borders
5;Mouse;69457;maroon;2020-06-27;SMTP
6;Incredible Fresh Computer online;88700;generating Internal Program;2020-06-27;systematic grow
7;matrix Personal Loan Account;20841;deposit;2020-06-28;Manager
8;Operations alarm matrix;906;wireless unleash Compatible;2020-06-27;Representative yellow
9;Berkshire;63036;Factors;2020-06-27;Concrete
10;responsive;93558;Shores Incredible Cotton Pizza;2020-06-28;overriding navigate
